Time,3,4,32,44,45,46,47,48,49,50,51,84,85,86,87,88,89,90
0,4,-4,4,4,4,4,4,4,-4,4,9,0,4,-4,0,0,4,0
10,0,9,4,0,0,4,4,4,0,0,4,0,4,0,0,4,4,0
20,0,4,0,0,0,-4,4,4,0,4,0,0,9,4,4,0,9,4
30,0,-9,0,0,0,0,9,4,0,4,4,0,4,0,4,-4,4,4
40,0,-9,4,4,4,4,4,4,-4,4,4,0,4,-4,0,4,4,0
50,0,4,4,4,0,4,4,4,4,0,0,0,4,0,4,4,0,4
60,0,9,0,0,-4,0,9,9,4,4,0,0,9,9,4,0,0,9
70,24,9,19,24,14,24,9,24,24,9,4,24,19,19,9,19,4,14
80,63,58,68,68,63,78,58,73,73,73,4,68,68,68,68,78,0,63
90,97,117,107,102,112,107,107,107,112,112,4,107,117,122,122,122,24,117
100,112,146,117,112,117,107,126,117,122,107,58,122,146,146,141,136,68,122
110,107,136,112,112,117,107,122,112,112,107,112,117,141,141,131,131,97,107
120,97,122,107,102,112,102,107,112,107,102,131,107,131,126,122,131,107,102
130,97,117,102,97,112,102,107,112,97,102,122,97,122,122,117,126,102,102
140,92,122,102,102,107,97,112,107,102,97,122,107,122,131,122,126,107,112
150,92,122,97,102,107,97,112,107,107,102,122,102,126,136,122,126,107,117
160,87,117,97,97,117,102,112,97,107,92,117,117,136,136,136,126,102,126
170,87,122,97,97,122,102,112,102,107,92,117,131,146,141,146,146,102,126
180,102,136,102,102,126,107,122,112,112,97,112,131,151,151,151,161,92,126
190,117,141,122,117,131,117,126,122,126,112,117,131,156,156,146,161,92,141
200,122,136,126,131,136,122,131,136,131,122,126,146,166,156,156,161,92,166
210,117,141,136,136,136,126,136,136,141,131,136,166,180,166,175,175,92,190
220,126,156,146,146,141,146,151,141,151,146,141,234,244,219,249,239,107,258
230,146,180,151,161,166,161,170,161,170,161,146,292,288,292,322,307,112,322
240,195,244,200,214,224,219,209,209,224,214,161,341,307,351,371,351,112,361
250,268,327,283,292,302,273,288,288,292,258,175,356,317,380,385,361,117,361
260,327,385,346,351,361,302,336,346,336,292,209,346,292,385,371,356,126,341
270,351,395,395,375,375,312,356,371,346,288,273,317,268,371,341,341,141,312
280,341,356,405,371,366,302,351,371,332,273,322,283,239,341,302,322,170,283
290,307,317,375,346,341,288,336,356,297,244,336,258,229,317,273,292,249,253
300,268,292,322,312,312,263,307,332,278,219,317,244,219,302,253,268,312,234
310,244,273,283,283,292,234,283,312,253,205,292,224,214,297,244,253,322,214
320,219,253,258,253,278,219,263,302,239,195,263,214,219,283,234,244,317,205
330,209,244,239,234,268,209,244,302,224,195,244,200,214,273,224,244,297,195
340,200,234,229,219,258,200,219,302,209,180,229,200,214,268,214,239,273,190
350,190,224,219,209,244,190,209,302,205,180,224,195,209,268,205,239,249,185
360,185,219,214,200,234,190,205,297,200,180,219,190,205,263,195,239,229,190
370,175,214,200,190,224,185,200,297,200,185,214,185,209,263,200,253,209,190
380,180,214,200,190,224,175,200,292,200,185,209,180,209,258,200,268,190,190
390,185,219,205,185,229,175,205,297,205,180,209,180,214,258,205,273,190,190
400,180,229,205,190,229,175,200,292,200,180,209,185,219,258,205,273,185,190
410,180,229,205,185,229,175,200,292,200,180,209,185,224,258,205,273,180,190
420,180,224,205,185,219,185,195,292,200,185,209,180,214,258,200,278,180,195
430,180,224,205,185,214,185,195,292,200,185,209,185,219,258,200,288,175,195
440,180,229,200,180,209,185,205,292,205,190,214,180,219,258,200,283,180,195
450,185,229,205,185,219,185,209,292,209,185,209,185,224,263,200,278,180,195
460,185,234,209,190,229,190,209,288,209,185,209,185,224,263,209,278,180,200
470,185,234,209,190,224,195,209,292,209,190,205,190,229,258,214,283,180,200
480,195,229,205,190,214,190,209,292,209,190,209,190,224,253,209,288,180,190
490,200,229,205,190,205,195,200,292,205,190,209,195,224,253,205,288,185,195
500,195,224,200,190,200,195,195,292,205,190,214,195,224,258,205,283,195,190
510,190,224,205,195,195,195,200,292,200,200,214,195,219,258,209,283,195,190
520,190,224,205,185,195,195,205,292,205,200,219,195,219,253,209,273,195,195
530,190,229,200,195,200,195,205,297,205,195,219,190,224,253,209,273,185,195
540,195,234,205,200,205,190,205,297,205,195,219,200,229,258,214,278,190,200
550,195,239,205,200,209,190,205,302,205,195,224,200,229,258,219,273,185,200
560,195,229,200,200,209,190,205,297,205,195,224,200,224,258,219,273,190,200
570,190,224,205,190,200,200,205,297,205,190,224,195,219,253,219,268,185,195
580,195,224,205,190,200,200,205,297,205,195,229,195,219,253,214,268,185,195
590,195,224,209,195,195,195,205,292,205,205,229,200,219,253,214,253,190,200
600,190,234,209,205,200,195,205,292,209,200,224,200,229,258,219,244,190,200
610,195,239,209,200,205,200,209,292,209,200,219,200,234,253,224,239,190,205
620,200,239,209,200,200,205,214,297,214,195,219,205,234,253,224,249,190,205
630,205,234,214,205,205,195,209,302,209,195,224,205,229,253,219,258,185,205
640,200,229,214,200,200,200,205,302,209,200,219,205,229,249,219,268,195,209
650,200,234,209,200,200,200,205,297,209,205,224,205,234,253,219,273,200,209
660,195,234,214,200,200,209,209,292,219,205,224,200,229,253,224,273,195,209
670,200,239,214,205,200,209,214,292,219,200,229,205,234,258,224,278,190,209
680,200,239,219,209,205,209,219,302,224,200,224,205,234,258,229,278,195,209
690,205,239,224,214,205,209,214,302,224,200,219,209,239,258,224,278,195,209
700,209,244,224,214,205,209,209,297,224,200,224,209,244,258,224,278,200,209
710,205,239,224,214,205,209,214,292,224,205,234,214,239,258,219,283,200,214
720,200,239,224,209,205,214,209,292,219,205,229,209,239,258,224,273,200,214
730,200,244,219,209,209,214,214,288,229,209,234,209,234,258,229,268,205,219
740,200,244,229,214,205,214,214,278,229,209,234,214,239,253,229,258,200,214
750,205,249,229,219,214,214,224,268,229,205,234,209,249,253,229,258,205,209
760,205,249,234,219,214,209,224,258,229,205,234,214,249,258,229,253,205,214
770,205,249,229,219,214,214,224,253,224,205,234,214,244,258,229,249,205,214
780,205,244,229,219,214,214,219,249,224,205,234,224,239,258,229,249,205,224
790,209,244,229,219,209,214,214,239,224,214,239,214,239,253,229,244,205,224
800,205,244,229,219,214,219,219,229,229,214,239,219,239,253,234,234,205,219
810,205,249,229,219,219,214,229,219,229,209,239,219,244,258,239,229,209,224
820,205,253,229,214,224,214,234,219,229,214,239,224,249,258,244,224,205,224
830,205,253,229,219,224,214,229,224,229,214,239,224,253,253,244,229,205,224
840,214,253,234,214,219,214,229,219,229,209,244,224,253,253,239,229,205,219
850,209,253,234,219,224,214,229,219,234,214,244,224,253,253,239,229,214,224
860,209,253,234,219,224,219,229,219,234,214,249,224,249,258,239,229,209,224
870,205,253,234,219,224,219,229,219,234,219,249,219,244,258,244,224,214,229
880,209,253,234,214,229,219,229,219,234,219,253,224,244,258,244,229,209,224
890,209,258,234,219,229,214,239,219,239,224,249,224,253,258,249,224,209,224
900,214,263,234,219,234,219,244,219,239,219,249,224,258,258,249,229,214,219
910,214,258,234,219,229,214,244,219,239,219,253,224,253,258,244,229,209,219
920,219,258,239,219,229,219,239,224,234,219,253,219,249,258,239,234,209,224
930,219,258,234,219,219,224,234,224,234,224,253,224,244,258,239,239,209,224
940,219,258,234,224,224,219,229,229,239,224,253,229,249,258,239,234,214,229
950,219,258,234,224,229,219,234,224,234,229,249,229,249,258,244,229,214,229
960,219,268,239,224,229,219,244,219,239,224,249,229,253,258,249,229,214,224
970,219,268,239,224,234,224,244,224,239,234,249,229,258,258,253,234,209,229
980,224,268,239,224,229,224,239,224,239,229,249,229,258,258,249,234,214,229
990,229,263,239,229,229,229,234,229,239,234,253,229,253,258,244,239,219,234
1000,229,263,239,234,229,229,234,224,239,229,253,234,253,258,244,239,219,234
1010,224,263,239,229,229,229,234,224,244,234,258,234,258,263,249,234,224,234
1020,224,268,239,224,234,229,244,219,244,234,258,234,258,263,249,234,219,239
1030,224,273,239,229,234,234,249,224,244,239,258,234,258,263,253,239,219,239
1040,229,278,244,234,239,229,249,229,244,239,258,239,263,263,253,234,219,239
1050,234,278,249,239,239,234,249,234,244,234,258,239,268,263,253,239,219,234
1060,234,273,249,239,234,234,244,234,249,234,258,244,268,263,253,239,224,234
1070,229,268,244,234,234,234,244,229,249,239,263,239,263,263,258,244,224,244
1080,234,273,249,234,234,234,244,234,249,239,263,239,263,263,258,244,229,249
1090,234,278,249,234,239,234,244,234,249,249,263,244,263,268,258,239,229,253
1100,239,283,249,239,244,239,253,234,253,244,268,244,273,273,263,244,234,249
1110,239,283,253,244,249,244,258,239,258,244,263,244,273,273,263,244,229,244
1120,239,288,253,239,249,239,258,239,253,244,268,244,273,273,263,244,229,244
1130,239,283,253,244,249,244,253,239,253,244,268,249,273,273,263,253,229,253
1140,239,278,253,244,244,244,253,244,253,249,268,249,268,273,263,249,229,253
1150,239,283,258,244,244,244,249,239,258,249,273,249,273,273,263,253,234,249
1160,244,283,253,244,249,244,253,239,258,253,273,249,273,278,263,253,239,253
1170,239,288,258,244,253,249,258,239,263,253,273,249,278,283,268,249,239,253
1180,244,292,258,249,258,249,263,244,263,253,273,249,278,278,273,253,239,253
1190,244,292,258,253,258,249,263,249,258,249,268,253,283,273,268,249,234,249
1200,249,288,263,249,258,249,263,253,263,249,273,253,278,278,268,253,239,249
1210,249,288,268,253,253,253,263,253,263,253,273,253,278,278,268,258,239,253
1220,249,283,263,244,249,249,253,249,263,258,278,253,278,283,263,258,244,258
1230,244,283,258,249,249,249,258,249,263,258,283,249,278,283,273,258,244,263
1240,249,292,263,253,253,253,263,249,263,258,283,258,278,283,273,253,244,263
1250,249,297,268,258,263,253,268,249,268,253,278,258,288,278,278,253,244,258
1260,249,297,263,253,268,258,273,249,268,258,278,258,283,278,278,258,244,258
1270,253,292,268,253,258,253,268,253,268,253,278,258,283,283,273,263,244,253
1280,253,288,263,253,253,249,258,253,263,258,278,253,283,283,268,263,244,258
1290,253,288,268,258,253,253,258,253,263,258,283,258,278,283,268,263,249,258
1300,249,292,268,258,258,258,263,253,263,263,288,258,283,288,278,258,249,263
1310,249,292,263,258,258,258,268,253,273,253,288,263,283,288,283,263,249,263
1320,253,297,268,258,263,258,268,253,273,258,283,258,292,288,283,263,249,258
1330,253,297,268,258,263,258,273,258,273,258,283,258,288,288,278,263,244,258
1340,258,297,278,263,268,258,268,253,273,263,288,263,288,288,278,268,253,258
1350,258,302,273,263,263,258,273,258,268,263,288,268,288,288,278,268,253,263
1360,258,297,273,263,258,263,268,258,273,263,292,263,288,288,278,268,253,263
1370,253,292,268,258,258,263,273,253,273,268,292,263,283,288,278,268,253,268
1380,258,297,273,263,263,258,273,258,273,268,288,263,288,288,283,263,253,268
1390,258,307,273,263,268,263,273,258,278,263,288,263,292,288,283,268,253,268
1400,263,312,273,263,273,263,278,258,278,268,288,268,297,292,288,268,253,268
1410,263,312,278,263,273,263,283,263,278,263,288,268,292,297,288,273,253,263
1420,263,302,278,263,273,268,278,263,278,268,288,268,288,297,283,273,253,268
1430,258,297,273,263,268,268,273,268,273,268,292,263,288,292,278,273,258,273
1440,258,297,278,263,268,268,273,263,273,273,297,268,292,292,278,273,258,273
1450,258,302,283,268,268,263,278,263,278,273,297,273,292,292,283,273,258,273
1460,263,312,278,268,278,263,283,263,283,268,297,273,297,302,292,268,258,273
1470,268,317,283,268,283,273,283,268,283,273,292,273,302,302,297,278,253,273
1480,268,312,283,268,278,273,283,268,283,273,292,273,302,297,292,278,258,273
1490,268,307,288,273,278,273,283,273,283,273,297,273,297,297,288,283,258,278
1500,268,307,283,273,273,273,283,273,283,278,297,278,297,302,288,283,263,278
1510,268,307,283,273,273,273,283,268,288,278,297,278,297,297,292,278,268,278
1520,268,307,283,273,278,273,283,268,283,283,297,273,302,297,297,273,263,278
1530,273,312,283,273,283,273,288,273,288,278,297,278,302,297,297,283,263,278
1540,273,322,288,278,283,273,288,273,288,278,297,278,307,302,297,283,263,283
1550,273,317,288,278,283,273,288,273,292,273,302,278,307,307,297,283,268,283
1560,278,317,288,283,283,278,292,273,292,278,302,283,307,307,297,283,268,283
1570,278,312,292,278,278,283,288,278,288,283,307,283,302,307,292,288,263,283
1580,273,317,292,273,278,283,283,278,288,288,307,283,302,307,292,288,268,283
1590,273,317,292,278,283,283,288,278,288,288,312,283,307,302,297,283,268,288
1600,273,322,292,283,288,283,292,278,297,288,312,283,307,307,302,288,273,283
1610,278,322,288,283,292,283,297,278,297,283,307,283,312,307,307,288,273,288
1620,283,322,292,283,292,278,297,283,297,283,307,288,312,307,307,288,273,288
1630,278,327,292,283,288,283,292,288,292,283,307,283,312,312,302,292,273,283
1640,278,322,297,283,288,288,292,283,292,292,312,292,307,312,302,292,273,292
1650,278,322,302,288,288,288,292,283,297,292,317,288,312,312,302,292,278,288
1660,278,322,297,288,288,288,302,278,297,288,317,288,312,312,302,292,278,292
1670,283,322,297,288,288,292,302,283,302,292,312,283,317,317,307,292,278,292
1680,288,327,297,283,292,292,302,288,302,292,312,292,317,317,312,297,278,297
1690,288,332,302,292,292,288,302,292,302,292,312,292,322,317,307,297,278,292
1700,283,332,302,288,292,288,297,292,302,292,317,297,322,317,312,297,283,288
1710,288,332,302,292,297,288,297,292,297,292,322,297,317,317,307,297,283,292
1720,288,327,302,292,292,292,297,288,302,292,322,292,317,317,307,302,283,297
1730,288,327,302,292,292,292,302,292,302,302,322,292,317,322,312,302,283,302
1740,288,332,302,292,297,292,307,292,307,297,322,292,322,322,312,297,283,302
1750,288,336,307,297,302,297,312,288,307,297,317,297,332,322,317,297,288,297
1760,288,341,302,297,302,292,307,292,307,297,317,297,327,327,322,302,288,302
1770,288,341,312,297,302,297,307,297,307,297,322,302,327,327,317,302,283,297
1780,292,336,312,297,302,297,302,302,307,302,322,297,322,327,312,307,288,302
1790,292,336,312,292,302,297,302,297,307,302,327,302,322,327,312,302,288,302
1800,292,336,312,302,297,297,307,297,307,302,327,297,322,327,322,302,297,307
1810,292,341,312,302,302,297,317,292,317,307,332,302,327,327,327,302,288,302
1820,297,341,307,302,302,302,322,292,312,302,327,302,336,332,327,307,288,302
1830,297,341,312,297,307,302,317,302,317,302,322,307,332,332,327,312,292,307
1840,302,341,312,302,307,297,312,302,312,302,327,307,332,332,322,312,292,302
1850,302,341,312,307,307,302,312,302,317,302,332,307,332,332,322,312,302,307
1860,302,341,317,307,307,307,307,302,317,312,332,307,332,332,322,312,297,307
1870,302,341,317,307,307,312,312,302,317,312,332,302,327,332,322,312,297,312
1880,302,341,317,302,307,307,317,302,317,312,336,312,332,332,327,307,292,312
1890,302,346,312,312,312,307,322,307,322,312,332,312,336,332,332,312,292,312
1900,302,351,317,312,317,307,322,302,322,312,332,312,341,332,332,312,297,312
1910,302,351,322,307,317,307,322,307,322,312,336,312,341,336,332,317,297,312
1920,307,346,322,312,312,312,322,307,322,312,336,312,336,341,332,317,302,317
1930,307,346,317,312,307,312,317,307,317,312,341,312,332,341,327,322,302,317
1940,307,351,317,312,312,312,317,312,322,312,341,312,332,341,322,322,302,322
1950,307,346,322,312,312,307,317,312,327,322,341,317,336,341,332,312,302,317
1960,307,356,317,317,317,312,327,307,327,317,341,312,346,341,336,312,302,317
1970,307,361,317,312,317,317,332,312,327,317,336,317,346,341,341,317,302,317
1980,312,356,322,317,317,317,332,312,327,312,341,317,346,341,336,322,302,317
1990,317,356,327,317,322,317,327,317,327,317,341,317,341,341,332,327,302,322
2000,317,351,327,322,322,317,322,317,327,322,346,322,346,346,336,332,312,317
2010,317,351,322,317,317,312,327,317,332,322,351,322,341,346,336,327,307,322
2020,312,356,322,317,317,317,332,317,332,322,346,322,341,351,336,322,307,322
2030,312,361,327,317,322,317,332,317,332,322,346,322,341,351,341,322,307,322
2040,317,361,327,317,327,322,336,317,336,327,341,322,351,346,341,322,307,327
2050,317,366,327,322,332,322,336,317,332,322,346,322,351,346,341,327,312,327
2060,317,361,327,322,327,317,332,322,332,322,351,327,351,351,336,327,312,322
2070,317,356,332,322,322,322,327,322,332,322,351,322,346,351,336,332,312,327
2080,317,361,332,322,322,327,327,322,336,332,351,327,346,356,341,336,317,332
2090,322,366,332,327,327,327,332,322,336,332,351,327,346,351,341,332,317,336
2100,322,366,336,327,332,327,341,322,341,332,351,332,351,356,346,332,317,327
2110,322,366,332,332,332,327,346,322,341,332,351,332,356,356,351,332,317,332
2120,322,366,336,327,332,322,341,322,336,332,356,332,361,356,351,327,317,332
2130,327,366,336,327,332,327,336,327,341,332,356,332,356,351,341,336,312,327
2140,327,366,341,327,332,327,336,332,336,332,361,332,356,351,341,336,317,332
2150,327,361,336,332,332,327,336,327,341,336,361,336,356,356,346,341,327,336
2160,327,366,341,332,332,327,341,327,341,336,361,332,356,361,351,336,322,336
2170,327,371,332,332,332,332,346,327,341,336,361,332,356,361,351,336,322,336
2180,327,375,332,332,341,332,351,327,346,332,356,332,361,356,356,336,322,336
2190,332,375,341,332,336,336,346,327,351,336,356,336,366,356,351,341,317,336
2200,332,375,346,336,336,336,346,332,341,336,361,336,366,361,351,341,327,336
2210,332,371,341,336,336,332,346,336,346,341,366,341,361,366,351,346,327,336
2220,332,371,341,336,332,336,341,336,346,341,366,341,361,366,351,341,327,336
2230,332,371,341,336,336,336,346,332,346,341,366,341,366,366,356,346,332,346
2240,336,375,346,336,341,336,351,332,351,341,366,341,361,366,361,341,322,341
2250,336,380,346,336,351,336,356,332,351,341,366,341,371,366,361,341,332,346
2260,336,385,346,336,351,341,361,336,351,346,366,341,375,366,361,346,327,341
2270,336,380,351,341,346,341,356,341,351,341,366,341,366,366,361,351,327,336
2280,341,380,351,341,341,341,351,341,351,346,366,346,371,371,356,351,332,346
2290,341,375,351,346,341,341,346,341,351,346,371,346,366,375,356,351,332,346
2300,341,380,346,341,346,341,351,336,356,351,371,346,371,375,366,346,336,351
2310,336,380,351,346,351,346,361,336,361,351,371,346,371,375,366,341,332,351
2320,341,390,351,346,351,351,366,341,356,346,371,351,375,375,371,351,332,351
2330,341,385,351,346,351,346,366,341,361,351,371,346,371,375,371,351,336,351
2340,346,390,351,346,351,346,361,346,356,346,375,351,375,375,366,356,336,346
2350,346,385,356,351,346,346,356,346,356,351,375,351,375,375,366,356,341,351
2360,346,385,361,351,346,346,356,346,361,356,375,351,375,375,361,356,341,351
2370,341,380,356,351,346,351,356,346,361,356,375,351,371,380,366,361,341,356
2380,341,385,356,346,346,346,361,346,361,351,375,351,375,375,371,356,341,356
2390,346,395,361,351,356,351,366,346,366,351,375,356,380,375,375,361,336,361
2400,351,400,361,351,361,351,366,346,366,361,375,356,385,380,375,361,336,356
2410,351,400,361,351,361,356,366,351,361,356,380,356,380,380,375,361,346,356
2420,351,390,366,356,356,356,366,351,366,361,380,356,380,380,375,361,341,361
2430,351,385,361,351,356,356,366,356,361,356,380,356,375,380,371,361,346,356
2440,351,390,361,356,356,351,361,356,366,361,380,361,380,380,371,361,346,361
2450,356,395,366,356,356,356,366,351,371,361,385,361,380,385,375,361,351,366
2460,356,400,366,356,361,356,371,351,371,361,385,361,390,385,380,361,346,366
2470,351,400,366,356,366,361,371,356,375,361,375,361,385,390,385,366,341,366
2480,356,405,371,361,366,356,375,356,371,361,380,361,390,390,380,366,346,356
2490,356,400,371,361,361,361,375,361,371,361,385,361,385,390,375,371,351,361
2500,356,395,371,361,361,361,371,361,371,366,390,366,385,390,375,371,356,366
2510,351,400,371,361,361,361,371,356,375,366,390,361,385,390,375,371,356,366
2520,356,395,375,361,366,361,375,361,375,371,395,361,390,395,380,366,351,371
2530,361,400,375,366,366,361,375,361,380,366,390,361,390,395,385,366,356,371
2540,361,405,371,366,375,366,375,361,380,366,390,371,395,395,390,371,356,371
2550,366,415,371,366,375,366,375,361,375,371,390,371,400,395,390,371,356,366
2560,366,410,375,371,375,366,380,361,380,366,395,371,395,395,385,375,356,366
2570,361,400,375,366,371,371,375,366,380,371,400,371,390,395,385,375,356,371
2580,361,400,375,366,366,371,375,371,380,375,395,371,390,395,380,375,356,375
2590,366,405,375,366,366,366,375,366,380,375,395,371,395,390,385,371,356,375
2600,366,410,380,375,371,371,380,366,380,375,395,371,400,395,390,371,361,375
2610,366,415,375,371,375,371,385,366,385,375,395,375,400,400,390,380,361,375
2620,366,410,380,375,375,371,385,366,385,371,395,375,400,400,390,380,356,375
2630,371,410,380,371,375,371,385,371,385,371,395,375,400,400,390,380,361,371
2640,371,410,385,371,375,375,380,375,380,375,400,375,400,400,390,380,361,375
2650,371,410,385,371,375,375,380,371,385,380,405,380,400,400,390,380,366,375
2660,366,410,385,375,380,375,390,371,390,380,405,380,400,405,390,380,371,380
2670,371,415,380,375,380,375,390,371,385,380,405,375,400,405,395,380,366,380
2680,375,419,385,375,385,375,395,375,390,375,400,380,405,405,400,385,366,380
2690,375,419,385,380,385,375,395,375,390,380,400,380,405,400,400,390,366,380
2700,380,424,385,380,385,375,390,380,390,380,410,385,410,405,395,390,371,380
2710,375,419,385,385,385,380,390,380,390,380,410,380,405,410,395,385,371,380
2720,380,415,390,375,385,385,390,375,390,385,410,385,405,410,395,385,371,385
2730,380,415,390,380,385,385,390,375,390,390,410,380,405,410,395,385,371,385
2740,380,419,395,385,385,380,390,375,395,385,405,385,410,410,400,385,371,385
2750,380,429,395,385,390,380,400,375,395,385,410,390,415,415,410,390,375,390
2760,380,429,390,385,390,385,405,380,395,385,410,385,419,415,410,385,371,390
2770,380,424,395,385,390,385,400,380,400,380,410,390,410,415,405,395,371,385
2780,385,424,395,385,385,390,395,385,395,390,415,390,410,415,400,395,375,385
2790,385,424,395,385,390,385,390,385,395,390,419,390,410,415,395,395,375,390
2800,385,424,395,390,390,385,400,385,400,395,419,390,415,415,405,390,380,395
2810,385,429,400,390,390,390,405,380,400,395,419,390,415,419,410,395,380,395
2820,385,429,400,390,395,390,410,385,400,390,415,390,419,424,415,395,380,395
2830,390,429,395,390,395,395,410,390,405,390,410,395,419,419,415,395,380,395
2840,395,434,400,395,395,390,400,395,400,390,415,390,419,419,410,400,380,395
2850,395,434,405,390,395,395,400,395,405,395,419,395,415,419,405,405,380,395
2860,390,429,405,390,395,395,400,390,400,395,419,395,419,419,405,400,385,395
2870,390,429,400,390,395,390,400,390,405,400,419,395,415,424,410,395,385,400
2880,390,429,400,395,395,395,405,390,405,400,424,395,419,424,410,400,380,400
2890,395,439,405,395,400,400,410,390,410,400,419,400,429,424,415,400,385,400
2900,395,439,405,400,405,400,410,390,410,400,424,405,429,429,419,405,385,400
2910,395,439,400,400,405,395,405,395,410,400,424,400,429,424,419,410,385,395
2920,395,439,410,395,400,400,405,400,410,400,429,400,424,424,415,405,390,400
2930,395,439,410,400,400,400,405,400,410,405,429,400,419,429,415,410,385,405
2940,400,439,410,400,405,400,405,400,415,405,429,400,424,429,415,410,395,405
2950,400,439,410,405,405,400,415,400,415,410,434,405,429,429,415,410,390,410
2960,395,444,410,405,410,405,419,400,419,405,429,410,434,429,419,410,395,405
2970,395,444,410,400,410,405,419,400,419,405,419,405,434,434,424,410,390,405
2980,400,444,415,400,410,405,419,400,410,405,424,405,434,434,424,415,385,405
2990,405,444,415,405,405,405,410,405,415,400,429,405,429,434,424,419,395,405
3000,405,444,415,410,405,410,410,405,415,410,434,410,429,434,424,415,395,410
3010,400,444,415,410,410,410,415,405,419,415,434,410,429,439,419,415,400,410
3020,400,444,415,410,410,410,419,400,419,415,439,410,434,439,429,410,395,415
3030,405,449,410,405,410,410,424,400,424,410,434,410,429,434,429,410,400,415
3040,410,454,415,410,415,410,424,405,424,415,429,410,444,434,429,415,395,415
3050,410,454,419,410,419,410,419,410,419,415,434,415,439,439,434,415,400,410
3060,410,454,419,410,415,410,419,410,424,415,439,415,439,444,434,419,400,415
3070,410,454,424,415,415,415,424,415,424,415,439,415,434,444,429,424,400,419
3080,410,449,419,410,415,415,419,410,424,419,439,415,434,444,424,419,400,419
3090,410,449,424,415,415,415,424,405,424,419,439,415,434,439,429,419,405,419
3100,415,454,424,415,415,415,429,410,429,419,444,415,444,444,434,424,400,419
3110,415,458,424,415,424,419,429,415,429,419,439,419,449,444,434,419,410,419
3120,415,458,424,415,424,415,434,415,429,419,439,419,449,439,439,424,400,424
3130,415,454,429,419,419,419,429,419,429,415,444,419,444,444,434,424,405,424
3140,419,458,429,419,419,415,424,415,429,424,444,419,444,444,434,429,410,424
3150,419,458,424,419,419,419,424,415,429,424,449,424,444,449,439,424,410,424
3160,415,458,429,419,424,419,429,415,434,429,454,424,444,449,439,424,415,429
3170,415,463,429,424,429,424,434,415,439,424,449,424,449,454,439,424,410,424
3180,415,463,429,424,429,424,439,419,434,424,449,424,449,449,444,429,410,424
3190,424,468,429,424,434,419,439,419,434,424,449,424,458,449,444,429,410,424
3200,424,463,434,424,429,419,434,419,439,424,454,424,454,449,444,429,415,429
3210,424,463,434,419,429,424,429,419,434,429,454,429,454,454,439,434,415,429
3220,419,463,434,424,424,429,429,424,439,429,449,429,454,449,439,434,415,429
3230,419,463,429,424,424,429,434,419,439,434,449,429,449,454,439,434,415,434
3240,424,468,434,429,424,429,439,419,439,434,454,429,449,458,444,429,415,434
3250,429,473,439,424,434,429,444,424,444,434,454,429,458,458,449,434,419,434
3260,424,473,439,429,439,429,444,424,444,429,458,429,458,458,454,439,424,434
3270,429,473,439,434,439,429,444,429,444,434,454,434,463,458,454,439,419,434
3280,429,468,439,429,434,429,439,434,439,434,454,429,458,458,444,439,419,434
3290,429,468,439,434,434,434,439,429,439,434,458,434,458,458,444,439,419,439
3300,429,468,439,429,434,434,439,429,444,444,463,439,458,458,449,434,424,439
3310,424,473,439,434,439,434,444,424,449,439,463,434,463,458,454,439,429,439
3320,424,478,439,434,439,439,454,434,449,439,458,434,463,463,458,439,424,434
3330,429,478,449,434,444,439,454,434,449,444,458,434,463,463,458,444,424,439
3340,439,483,449,439,439,434,449,434,449,434,463,444,463,463,454,449,424,439
3350,434,478,444,439,439,439,444,434,449,439,468,439,463,463,454,444,429,444
3360,434,473,444,439,434,439,449,434,449,439,468,444,458,468,449,444,434,444
3370,434,473,444,439,439,444,449,439,454,444,468,439,468,468,454,444,429,444
3380,434,478,449,439,439,444,454,434,454,449,468,444,463,468,458,444,429,449
3390,439,488,449,439,444,444,454,434,454,444,468,444,468,468,463,449,429,444
3400,444,488,449,444,454,444,458,439,454,449,468,444,473,468,463,449,434,444
3410,444,488,454,444,454,444,458,439,449,444,473,449,478,468,458,449,434,444
3420,444,483,454,444,449,444,449,444,454,449,468,449,468,473,458,454,434,449
3430,444,483,454,444,444,449,449,444,454,449,473,449,468,478,458,454,434,449
3440,439,483,454,449,444,444,454,444,458,454,473,449,468,478,458,454,434,454
3450,444,483,458,449,449,444,458,444,463,449,473,449,473,478,463,449,439,454
3460,444,493,458,449,454,449,463,444,458,454,468,449,478,473,468,454,439,449
3470,449,493,458,449,458,454,463,449,463,454,468,454,483,478,473,454,434,449
3480,449,493,458,454,454,449,463,449,463,454,473,454,478,478,468,458,434,449
3490,449,493,463,454,454,449,458,449,458,454,478,454,478,478,468,458,439,454
3500,449,493,463,454,454,454,458,449,463,454,483,454,473,478,468,463,444,458
3510,449,488,458,454,449,454,463,449,463,458,483,454,473,483,468,454,444,458
3520,449,488,458,454,454,454,463,449,468,458,483,454,478,483,468,454,444,458
3530,449,493,463,454,458,454,463,449,468,458,483,454,478,483,473,458,439,458
3540,454,502,463,454,463,458,468,449,468,458,478,458,488,483,478,458,444,458
3550,458,502,463,458,463,454,473,454,468,458,483,458,483,483,478,468,444,458
3560,454,498,468,458,458,454,468,454,468,458,483,458,478,483,478,463,449,458
3570,449,493,463,458,458,458,463,458,473,463,483,458,483,488,473,463,449,463
3580,449,493,463,454,458,458,463,454,468,463,483,458,483,488,468,468,449,463
3590,454,498,463,458,458,458,468,454,473,463,488,458,488,488,473,468,449,463
3600,458,502,468,463,463,463,473,454,473,468,488,463,488,493,483,463,454,463
3610,458,507,468,463,473,463,478,454,473,463,483,463,493,493,483,463,449,458
3620,463,507,468,463,473,463,478,458,478,463,483,463,493,493,483,468,449,463
3630,463,507,468,458,468,463,468,458,478,463,488,468,488,493,478,473,449,463
3640,463,502,473,463,463,463,468,463,473,468,493,463,488,488,478,473,454,463
3650,463,502,473,463,463,468,473,463,473,473,498,468,488,493,478,473,458,468
3660,463,498,468,463,468,468,478,463,483,473,493,468,488,498,483,473,458,473
3670,463,502,473,468,468,468,478,463,483,473,493,468,493,498,488,468,454,468
3680,463,507,473,468,473,468,483,463,483,468,493,468,498,493,493,473,458,473
3690,468,512,473,473,473,473,483,463,483,473,493,473,498,498,488,478,454,468
3700,468,517,478,468,473,473,478,468,478,468,493,473,498,498,488,478,458,468
3710,468,512,478,473,473,468,483,468,483,473,498,473,498,498,488,478,458,473
3720,473,507,478,468,473,473,483,473,483,478,502,473,498,498,488,478,458,478
3730,468,507,483,468,473,473,483,468,483,478,502,473,493,498,488,478,463,478
3740,468,512,483,473,473,473,488,468,488,478,502,478,498,502,488,478,458,478
3750,473,517,483,478,483,478,493,473,488,478,502,478,502,502,498,478,463,483
3760,473,517,483,473,483,473,488,473,493,478,498,478,512,507,498,483,463,478
3770,473,522,483,478,483,478,488,478,488,478,502,478,502,507,498,483,458,478
3780,473,517,483,473,478,478,488,478,488,483,502,483,498,507,493,488,468,478
3790,478,517,488,478,478,478,483,478,488,483,507,483,498,507,488,483,468,483
3800,478,517,493,478,478,478,488,478,493,488,507,478,507,507,493,483,473,483
3810,478,517,493,483,483,483,493,473,493,483,507,478,507,512,502,483,468,483
3820,478,527,488,483,483,488,498,473,498,483,502,483,512,512,507,483,468,483
3830,478,527,493,483,488,478,498,478,498,488,502,488,512,512,507,488,468,488
3840,483,527,493,483,488,483,493,478,493,483,507,488,507,512,502,493,468,483
3850,483,527,493,483,488,483,493,483,493,488,507,488,507,512,498,498,473,488
3860,483,522,493,483,488,488,493,483,493,483,517,488,507,512,498,488,473,488
3870,478,522,493,483,488,488,493,483,498,493,512,483,507,512,498,493,473,488
3880,478,527,493,483,488,488,498,478,498,488,512,488,512,512,507,488,473,493
3890,483,527,493,488,493,488,502,483,498,493,517,493,512,517,512,488,468,488
3900,488,532,498,493,498,488,502,488,502,493,512,493,522,517,512,493,473,493
3910,488,532,498,493,498,493,502,488,498,488,517,493,517,517,507,498,478,493
3920,488,532,498,488,498,498,498,488,502,493,517,493,517,517,507,498,478,498
3930,488,527,502,488,488,493,498,488,502,498,522,493,512,517,502,498,483,498
3940,483,527,498,493,488,493,498,488,502,498,522,493,517,522,507,498,483,498
3950,488,532,498,493,493,493,502,488,507,498,522,493,517,522,512,498,483,498
3960,488,541,502,493,498,498,512,488,507,498,522,498,527,527,517,498,483,493
3970,488,541,502,493,502,498,512,493,512,498,517,493,522,527,517,498,478,498
3980,493,541,502,498,502,493,512,493,507,498,517,502,522,522,522,507,478,498
3990,498,537,502,498,502,498,502,498,507,498,522,498,522,522,517,507,483,502
4000,498,537,512,498,502,498,507,498,507,507,527,502,527,527,512,507,488,502
4010,493,537,507,498,502,502,507,498,507,507,527,498,522,527,517,507,493,502
4020,498,537,507,498,502,502,512,493,517,507,527,502,522,532,517,502,488,507
4030,498,541,507,498,502,502,517,498,512,502,527,502,527,532,522,502,488,502
4040,498,546,507,502,507,502,517,498,517,502,522,502,537,532,522,507,488,502
4050,502,546,512,502,507,502,517,498,517,507,527,507,532,527,527,507,488,502
4060,502,546,512,502,507,507,517,502,517,502,532,507,532,532,522,512,493,507
4070,502,541,512,502,502,507,512,507,517,512,532,502,527,532,522,512,493,507
4080,498,541,512,502,502,507,512,502,512,507,532,507,527,532,522,512,493,507
4090,502,541,512,502,502,507,517,502,517,512,537,507,527,532,517,507,498,507
4100,502,551,512,507,512,507,522,498,517,512,537,507,537,532,527,512,498,512
4110,507,551,512,507,517,512,527,502,527,512,532,512,541,537,532,507,498,512
4120,507,556,522,512,517,507,522,507,527,507,532,512,546,537,527,512,498,512
4130,507,556,522,512,517,507,522,512,522,507,532,512,537,537,527,517,493,507
4140,512,551,522,512,512,512,517,512,522,517,537,517,537,537,527,522,498,512
4150,512,546,517,517,512,512,517,507,522,517,541,517,537,537,527,522,502,517
4160,507,551,522,512,517,517,522,507,527,522,541,517,537,541,532,517,507,517
4170,512,556,527,512,517,517,527,507,527,517,541,512,541,541,532,517,502,517
4180,512,561,522,507,517,512,532,512,532,522,537,517,546,541,537,522,502,512
4190,517,561,527,517,522,512,527,512,527,517,537,517,546,546,532,522,502,517
4200,517,561,527,517,522,517,527,517,527,517,541,522,546,546,532,527,502,522
4210,512,556,527,522,517,517,527,517,532,522,546,522,541,546,532,522,507,522
4220,512,556,527,517,517,522,522,517,532,522,546,517,546,551,537,527,507,522
4230,512,556,527,517,517,522,527,517,532,527,546,522,541,551,537,527,507,527
4240,517,561,532,517,522,522,537,517,532,522,551,527,546,551,541,527,507,522
4250,522,566,532,522,532,522,537,517,537,522,546,527,551,551,546,527,512,522
4260,522,571,527,527,532,517,537,517,541,527,546,527,556,551,541,527,512,522
4270,522,566,532,522,532,527,541,517,537,522,546,527,556,551,537,532,512,522
4280,527,561,532,522,527,527,532,527,537,527,551,527,551,551,537,532,512,527
4290,527,556,532,527,527,527,527,527,532,532,551,532,546,551,541,532,512,532
4300,527,566,532,527,527,527,537,527,541,532,556,527,546,551,541,532,517,532
4310,522,571,537,522,527,527,541,522,541,532,556,532,556,551,546,532,522,527
4320,527,571,537,527,537,532,541,517,541,527,556,527,556,556,551,532,512,527
4330,527,576,537,527,541,532,546,527,546,532,551,532,556,556,546,537,517,532
4340,527,571,541,532,537,527,546,527,541,537,556,537,561,556,546,537,517,532
4350,532,571,541,532,537,532,541,532,541,537,556,537,556,556,546,537,522,537
4360,532,571,541,532,527,532,537,532,541,537,561,537,556,561,541,541,522,537
4370,527,571,537,532,532,532,541,532,546,541,561,532,556,561,546,541,527,537
4380,532,576,537,527,532,532,546,527,546,541,561,532,556,561,546,537,517,537
4390,532,576,541,532,541,537,546,532,546,537,561,537,561,561,556,537,517,537
4400,537,581,546,537,546,537,551,537,551,541,561,537,571,561,561,537,527,537
4410,537,581,546,541,546,537,551,537,551,537,561,541,566,571,556,541,522,537
4420,537,581,546,537,541,541,546,537,546,541,561,541,566,571,556,546,527,537
4430,537,576,546,537,537,537,541,537,551,541,566,541,561,571,551,551,527,541
4440,537,576,546,537,541,541,546,537,546,546,571,541,561,566,551,546,527,546
4450,537,581,546,541,541,541,556,537,556,541,576,546,566,571,556,546,532,546
4460,537,585,546,541,546,546,556,537,556,541,566,546,571,576,561,541,532,541
4470,541,585,551,541,551,546,561,537,556,546,561,546,571,571,566,551,532,541
4480,546,585,556,541,551,541,556,541,556,546,566,546,576,576,566,551,527,541
4490,541,590,556,541,551,541,551,546,556,551,576,546,576,571,561,551,532,546
4500,541,585,556,546,546,546,551,546,551,551,576,546,571,571,561,556,537,556
4510,541,585,556,541,546,546,556,546,561,556,576,546,571,576,561,551,537,556
4520,541,585,551,546,546,551,561,541,561,551,571,546,571,581,566,551,537,551
4530,546,590,551,546,551,551,561,546,561,551,571,551,576,576,571,556,537,551
4540,551,595,556,546,556,551,566,546,566,556,571,556,581,576,571,551,537,551
4550,551,595,561,551,556,546,566,546,566,556,576,556,581,576,571,551,537,551
4560,546,595,561,546,556,551,561,551,566,551,581,556,581,576,571,561,541,556
4570,551,590,561,551,551,551,561,551,561,556,581,556,581,581,566,561,537,556
4580,546,585,556,546,551,551,556,546,561,561,581,556,576,581,566,561,541,561
4590,551,595,566,556,556,556,561,546,571,561,585,556,576,581,571,556,546,561
4600,551,600,566,556,561,556,566,551,571,561,585,561,581,581,576,561,546,556
4610,551,605,566,556,566,561,576,551,576,556,581,561,590,585,576,561,541,556
4620,556,605,566,556,566,561,571,556,571,561,581,561,590,585,581,561,541,556
4630,556,600,571,561,566,561,566,561,571,556,585,561,585,590,576,571,546,561
4640,556,600,566,561,561,556,566,556,566,566,585,561,581,590,576,566,551,561
4650,561,600,566,561,561,561,566,561,571,566,590,566,585,590,576,566,551,566
4660,561,600,571,561,566,561,571,556,576,571,590,561,590,590,581,566,551,566
4670,561,600,571,556,566,561,576,551,576,566,590,566,590,595,581,566,546,566
4680,561,605,571,561,571,566,581,561,581,566,585,566,590,595,585,566,551,561
4690,561,610,576,561,571,566,576,561,576,566,585,571,595,595,585,571,546,566
4700,561,610,576,566,571,566,576,561,576,566,595,571,590,595,581,571,551,566
4710,561,605,576,566,571,566,576,566,581,566,595,566,590,595,581,576,556,571
4720,561,600,576,566,566,571,576,566,576,571,595,566,590,600,581,571,556,571
4730,561,605,576,566,571,566,576,566,581,576,595,566,595,600,585,571,556,571
4740,566,610,576,566,571,571,581,566,581,576,600,571,595,600,585,576,556,571
4750,571,620,576,571,576,576,585,566,585,571,595,576,605,600,595,576,561,571
4760,571,620,581,571,581,571,585,566,585,576,595,576,600,600,595,576,561,571
4770,571,615,581,571,581,576,585,571,585,571,600,576,600,600,590,576,556,571
4780,576,610,581,571,576,571,581,571,581,576,600,576,595,600,585,581,561,576
4790,571,610,581,571,571,576,581,576,581,581,600,576,595,600,585,581,561,581
4800,571,615,581,576,576,576,581,571,585,581,605,576,600,600,590,585,566,581
4810,576,615,585,576,581,581,590,571,595,581,605,576,605,610,595,581,566,581
4820,576,620,585,576,585,581,595,571,590,576,600,581,605,610,600,576,566,581
4830,576,625,585,576,585,581,595,576,595,581,600,581,605,610,600,585,566,581
4840,576,625,585,581,585,581,590,581,590,581,605,581,610,605,595,585,566,581
4850,581,625,590,576,585,581,590,576,590,585,605,585,605,610,595,590,571,585
4860,581,620,590,581,581,581,585,576,590,585,610,585,605,610,590,590,571,585
4870,581,620,590,576,585,585,590,576,595,590,610,581,605,615,600,585,571,590
4880,581,620,590,581,585,581,595,576,600,585,610,585,605,615,600,585,571,585
4890,581,629,590,581,585,585,600,581,595,585,610,585,610,615,605,590,571,585
4900,585,629,595,585,595,585,600,581,595,590,610,590,620,615,610,590,571,585
4910,585,629,595,585,590,585,600,581,600,585,610,590,615,615,605,590,576,585
4920,585,629,595,581,585,590,600,585,595,590,615,590,615,620,605,595,576,590
4930,585,625,595,585,585,590,595,585,600,590,615,590,610,615,600,595,581,590
4940,585,629,595,585,585,590,595,585,600,595,620,585,610,615,600,595,576,595
4950,585,629,600,585,590,590,605,585,605,595,620,590,615,620,605,590,581,595
4960,585,634,600,590,595,590,605,585,605,595,620,595,625,620,615,590,576,595
4970,590,639,605,590,600,595,605,585,605,595,610,595,625,620,615,595,581,590
4980,595,639,605,595,600,595,605,590,610,595,610,600,625,620,610,600,581,590
4990,595,639,605,590,600,595,605,595,605,595,620,595,620,620,610,605,581,595
5000,595,634,605,590,595,600,595,595,605,600,625,600,620,620,605,605,585,600
5010,595,634,600,595,595,595,600,595,610,600,625,595,620,625,605,600,585,600
5020,595,639,605,595,595,600,610,590,610,605,625,595,625,629,610,600,585,600
5030,590,639,605,595,600,600,615,595,615,595,625,600,625,629,620,600,585,595
5040,595,644,605,595,605,600,615,595,615,605,625,605,629,629,620,605,585,600
5050,600,649,610,605,605,600,615,600,615,600,629,605,629,629,620,605,585,600
5060,600,644,610,600,605,605,610,600,615,605,629,605,629,629,615,610,590,600
5070,600,639,610,600,605,605,610,600,615,605,629,600,625,634,615,605,590,605
5080,600,639,610,600,600,605,605,600,615,610,629,600,625,634,615,610,595,610
5090,600,639,610,600,605,605,610,600,620,615,634,605,629,629,620,610,590,610
5100,605,644,615,605,610,605,620,600,615,610,629,605,634,634,625,610,590,605
5110,605,654,615,605,615,610,620,600,620,605,625,610,639,639,625,610,595,605
5120,610,654,615,605,615,610,625,600,620,605,625,610,639,639,629,610,590,605
5130,610,654,615,605,610,610,620,605,625,605,634,610,634,639,625,615,595,610
5140,610,649,620,610,610,610,615,610,620,615,639,610,634,634,625,620,600,610
5150,610,649,620,610,605,610,615,610,625,615,639,615,629,639,625,620,600,615
5160,605,654,620,610,610,615,625,605,625,620,639,615,639,639,629,620,600,620
5170,610,659,620,610,615,615,625,605,625,615,634,610,639,644,629,615,595,610
5180,610,659,620,615,620,615,629,610,625,615,634,615,644,639,634,620,600,610
5190,615,659,625,615,620,610,629,615,625,620,639,620,644,639,634,620,595,615
5200,615,659,625,615,620,615,629,615,625,620,644,620,644,644,634,625,600,615
5210,615,654,625,615,620,620,625,615,625,620,639,620,639,644,634,620,605,625
5220,615,654,625,615,620,620,620,615,629,625,639,620,639,649,634,620,605,620
5230,615,654,625,615,615,625,629,615,629,625,649,615,639,644,634,620,610,620
5240,615,659,625,620,620,620,629,615,634,625,649,620,644,649,639,625,605,620
5250,615,664,629,615,625,625,634,615,634,625,644,625,649,654,644,625,610,620
5260,620,668,629,620,629,620,634,620,634,625,644,620,659,654,639,629,605,625
5270,620,673,634,625,629,625,634,620,634,620,644,625,654,654,639,629,610,620
5280,620,664,629,620,625,625,629,625,634,625,649,625,649,649,634,629,610,625
5290,625,659,634,625,620,629,629,625,634,629,649,625,649,649,634,629,615,625
5300,625,664,634,625,625,629,634,625,639,634,654,625,649,654,639,634,615,634
5310,625,668,634,625,629,629,639,620,644,629,654,629,654,659,644,629,615,629
5320,625,673,634,625,634,629,639,625,644,629,649,629,654,659,649,629,610,629
5330,629,673,634,625,639,629,644,625,644,629,649,629,659,659,649,634,615,629
5340,629,673,639,634,634,629,644,629,639,629,659,629,659,654,644,639,615,629
5350,629,668,639,629,634,634,644,629,644,634,659,634,659,659,644,639,620,639
5360,629,673,639,634,629,629,639,629,644,639,664,634,654,659,644,639,620,639
5370,629,673,639,629,629,634,639,629,649,639,659,634,659,664,649,639,620,639
5380,629,678,639,629,629,634,644,629,649,639,664,634,654,664,649,639,620,634
5390,634,678,644,634,639,639,649,629,649,639,664,634,664,664,654,644,620,634
5400,634,683,644,634,644,639,654,629,649,639,659,639,668,668,659,644,620,639
5410,639,683,649,639,644,634,649,634,654,639,664,639,668,668,659,644,625,634
5420,639,683,649,634,639,639,644,639,649,639,659,639,664,673,659,644,625,639
5430,639,678,644,639,634,639,644,639,654,639,664,639,659,668,654,649,625,644
5440,639,678,649,639,639,639,649,639,654,649,668,644,664,668,654,649,625,649
5450,639,683,649,639,639,644,654,634,654,644,673,644,664,668,659,644,629,649
5460,644,688,649,639,649,644,659,639,664,644,668,644,673,673,664,649,629,644
5470,649,693,649,644,654,649,664,639,659,644,664,649,673,673,673,649,629,644
5480,649,693,654,644,649,649,659,644,659,644,673,649,673,673,668,649,629,649
5490,649,693,654,649,649,649,654,649,659,654,673,654,673,673,664,659,629,654
5500,649,688,659,649,649,649,654,649,659,654,678,654,673,673,664,659,634,654
5510,649,693,654,649,649,654,654,649,664,654,678,654,673,678,664,659,639,659
5520,649,698,654,649,654,659,664,644,664,659,678,654,678,683,668,654,634,659
5530,654,698,659,649,654,654,664,649,668,654,678,654,678,683,673,659,634,654
5540,654,698,664,654,664,654,668,654,668,659,673,659,683,683,678,664,634,659
5550,659,703,664,654,664,654,668,654,668,659,678,664,683,683,678,664,639,654
5560,664,703,668,654,664,659,668,659,668,654,683,664,688,688,673,664,639,659
5570,664,703,668,659,659,659,664,659,668,664,683,664,683,693,673,668,639,664
5580,664,698,664,659,659,659,668,659,673,664,683,664,683,693,673,673,644,668
5590,664,703,668,659,664,664,668,659,673,673,683,664,688,693,678,668,644,673
5600,668,708,673,664,668,664,673,659,678,668,688,668,693,698,683,668,644,664
5610,668,717,673,664,678,668,678,659,683,664,683,668,703,698,688,668,644,668
5620,668,717,678,664,678,668,683,664,678,668,688,673,703,698,688,668,644,668
5630,668,717,678,668,673,668,683,668,678,668,688,668,698,698,688,683,649,668
5640,673,712,678,668,668,673,678,673,678,673,693,673,693,698,693,683,649,678
5650,673,712,683,673,668,673,678,668,683,678,698,678,693,703,693,678,654,683
5660,678,717,678,668,678,678,683,668,688,683,698,678,703,708,688,683,659,683
5670,678,717,683,673,678,678,688,673,688,673,698,678,703,708,693,678,654,678
5680,683,727,683,678,683,683,693,678,693,683,698,683,708,708,703,688,654,678
5690,683,727,688,683,688,678,693,678,693,683,708,688,712,708,703,688,654,683
5700,688,732,688,683,688,683,698,683,693,678,712,683,712,712,703,693,659,683
5710,688,732,693,683,688,683,693,683,693,688,708,688,712,712,703,693,664,693
5720,688,727,693,678,683,688,693,683,698,693,708,688,712,717,703,693,664,693
5730,688,732,693,683,683,688,693,683,698,693,712,693,712,717,703,698,664,698
5740,693,732,693,688,688,688,703,688,703,693,712,693,712,722,708,698,664,698
5750,693,742,698,688,703,693,708,688,708,693,712,698,722,722,712,698,668,693
5760,698,747,703,688,703,693,703,688,708,688,712,698,727,722,712,698,668,693
5770,698,747,703,693,703,698,703,693,708,693,712,698,727,727,712,703,668,693
5780,703,747,703,698,698,698,708,698,712,698,722,703,722,727,712,708,668,703
5790,703,742,708,698,698,698,703,703,708,708,727,703,722,727,712,712,673,708
5800,708,747,708,698,703,698,708,698,717,712,732,708,727,732,722,712,678,712
5810,712,751,712,703,708,708,717,698,722,708,732,708,732,737,727,708,678,712
5820,712,756,712,703,712,712,722,703,722,708,727,712,737,737,732,717,678,708
5830,717,761,717,708,717,712,722,703,722,708,727,712,742,742,732,722,678,712
5840,717,766,722,712,717,712,722,712,722,712,737,722,747,737,732,727,678,712
5850,722,761,722,717,717,712,722,717,727,717,737,722,742,742,732,732,688,722
5860,722,766,727,712,717,717,727,717,732,722,737,722,747,751,737,727,688,727
5870,727,766,727,717,717,722,727,717,732,727,742,722,742,751,737,732,688,732
5880,727,771,727,722,722,722,737,717,737,727,747,722,747,756,742,732,688,737
5890,732,781,732,727,727,727,742,717,737,727,747,732,756,756,751,732,688,737
5900,737,786,737,732,737,732,742,727,742,737,747,732,761,761,756,737,693,737
5910,747,786,742,732,737,732,747,727,747,732,751,742,766,766,756,742,693,732
5920,747,791,742,732,737,737,751,737,747,737,751,742,766,771,756,747,698,742
5930,747,786,747,732,737,742,747,737,747,742,756,742,766,776,756,751,703,751
5940,751,791,747,737,737,742,751,737,751,747,766,742,771,776,761,756,703,751
5950,756,800,751,742,747,742,756,742,761,751,771,751,776,781,766,756,708,756
5960,761,805,756,747,756,751,761,742,766,747,766,756,781,786,776,761,708,756
5970,766,815,756,751,761,756,766,747,771,751,766,761,791,791,786,766,708,761
5980,771,820,761,756,761,756,771,756,766,751,771,766,791,791,786,771,712,761
5990,781,820,771,761,761,756,771,761,771,756,776,771,795,795,786,781,717,766
6000,781,825,771,766,766,766,771,761,781,771,786,776,795,800,786,781,722,776
